Description,Solution,Prediction rank,Predictions
marked by skill in deception,tricksy,0,"['this', 'same', 'result', 'fact', 'been', 'example', 'part', 'only', 'which', 'that']"
showing great reverence for god,worshipful,0,"['always', 'same', 'much', 'respect', 'what', 'this', 'sense', 'all', 'shown', 'particular']"
an association of criminals,mob,0,"['the', 'that', 'which', 'this', 'part', 'same', 'some', 'people', 'as', 'one']"
capable of being perceived especially by sight or hearing,perceivable,0,"['because', 'those', 'not', 'been', 'fact', 'this', 'only', 'these', 'either', 'having']"
Eurasian plant cultivated for its seed and as a forage crop,rape,0,"['this', 'because', 'which', 'more', 'only', 'the', 'while', 'most', 'once', 'much']"
consumption of alcoholic drinks,intemperance,0,"['drink', 'beverages', 'alcohol', 'drinking', 'beverage', 'liquor', 'consumed', 'food', 'consume', 'products']"
a sedimentary rock consisting mainly of calcium that was deposited by the remains of marine animals,limestone,0,"['which', 'this', 'part', 'same', 'only', 'is', 'because', 'although', 'been', 'one']"
an absorbent aluminum silicate clay formed from volcanic ash,bentonite,0,"['rocks', 'surface', 'lava', 'material', 'layer', 'limestone', 'metal', 'aluminium', 'molten', 'basalt']"
a small pitcher for serving cream,creamer,0,"['one', 'only', 'large', 'serve', 'same', 'instead', 'the', 'as', 'make', 'making']"
the handwear used by fielders in playing baseball,mitt,0,"['same', 'only', 'first', 'this', 'one', 'because', 'when', 'which', 'play', 'they']"
give equal rights to ; of women and minorities,emancipate,0,"['all', 'both', 'those', 'should', 'them', 'only', 'same', 'make', 'they', 'not']"
used of a person 's appearance or behavior ; befitting an eminent person,distinguished,0,"['same', 'one', 'only', 'this', 'example', 'not', 'as', 'the', 'way', 'that']"
an executioner who beheads the condemned person,headsman,0,"['one', 'woman', 'that', 'as', 'only', 'when', 'someone', 'which', 'once', 'whom']"
a notable achievement,exploit,0,"['significant', 'most', 'achievements', 'remarkable', 'one', 'this', 'example', 'success', 'noteworthy', 'important']"
someone deranged and possibly dangerous,loony,0,"['might', 'actually', 'something', 'person', 'perhaps', 'thought', 'anyone', 'because', 'could', 'anything']"
mercilessness characterized by an unwillingness to relent or let up,relentlessness,0,"['not', 'would', 'should', 'could', 'take', 'they', 'give', 'them', 'this', 'because']"
playful in an appealingly bold way,rascally,0,"['very', 'this', 'yet', 'more', 'something', 'sort', 'look', 'seems', 'most', 'what']"
one of a set of parallel slats in a door or window to admit air and reject rain,louvre,0,"['only', 'the', 'this', 'same', 'which', 'that', 'way', 'because', 'not', 'they']"
provide with a name or nickname,tag,0,"['same', 'only', 'as', 'used', 'this', 'which', 'not', 'known', 'instead', 'because']"
a person who rescues you from harm or danger,savior,0,"['because', 'not', 'only', 'could', 'anyone', 'might', 'them', 'actually', 'one', 'someone']"
compelled forcibly by an outside agency,goaded,0,"['not', 'them', 'being', 'that', 'because', 'would', 'taken', 'they', 'when', 'saying']"
spending resources lavishly and wastefully,squandering,0,"['spend', 'spent', 'money', 'funds', 'more', 'much', 'projects', 'while', 'too', 'expenditures']"
the male reproductive cell ; the male gamete,sperm,0,"['female', 'same', 'only', 'adult', 'one', 'which', 'women', 'woman', 'both', 'example']"
adjusted or attuned by adding a counterbalancing element,tempered,0,"['more', 'this', 'same', 'only', 'not', 'less', 'being', 'than', 'that', 'need']"
without bias,unbiased,0,"['not', 'because', 'either', 'cannot', 'reason', 'certain', 'instead', 'discrimination', 'fact', 'should']"
a proper fraction whose denominator is a power of 10,decimal,0,"['only', 'same', 'one', 'this', 'which', 'the', 'than', 'because', 'example', 'that']"
in a manner that can not be evaded,compulsorily,0,"['could', 'this', 'should', 'they', 'only', 'because', 'way', 'would', 'what', 'might']"
disparaging terms for the common people,rabble,0,"['same', 'those', 'all', 'because', 'making', 'only', 'one', 'what', 'way', 'not']"
sealed vessel where water is converted to steam,boiler,0,"['which', 'only', 'then', 'when', 'this', 'because', 'now', 'the', 'once', 'could']"
a person serving a sentence in a jail or prison,inmate,0,"['one', 'same', 'only', 'is', 'this', 'than', 'month', 'years', 'after', 'instead']"
( law ) the party who makes an assignment,assignor,0,"['same', 'which', 'only', 'this', 'as', 'when', 'that', 'because', 'one', 'now']"
a stupid mistake,imbecility,0,"['thing', 'something', 'wrong', 'think', 'simply', 'anything', 'you', 'silly', 'sort', 'mistakes']"
the discharge of a fluid from some container,leakage,0,"['same', 'this', 'which', 'only', 'one', 'that', 'more', 'because', 'than', 'part']"
a shockingly bad person,shocker,0,"['pretty', 'very', 'something', 'thing', 'because', 'quite', 'too', 'sort', 'really', 'this']"
an appetite for food,stomach,0,"['because', 'more', 'this', 'that', 'much', 'as', 'need', 'which', 'without', 'only']"
the maximum movement available to a pivoted or reciprocating piece by a cam,throw,0,"['this', 'same', 'which', 'only', 'one', 'instead', 'that', 'not', 'could', 'either']"
not converted,unpersuaded,0,"['only', 'either', 'although', 'they', 'because', 'could', 'however', 'though', 'never', 'would']"
a slowly moving mass of ice,glacier,0,"['the', 'way', 'before', 'this', 'into', 'instead', 'same', 'coming', 'more', 'much']"
the part of the thoracic cavity between the lungs that contains the heart and aorta and esophagus and trachea and thymus,mediastinum,0,"['which', 'both', 'this', 'same', 'in', 'all', 'because', 'one', 'only', 'where']"
lacking enlightenment or knowledge or culture,benighted,0,"['either', 'lack', 'not', 'certain', 'without', 'such', 'those', 'often', 'sense', 'these']"
resembling a serpent in form,snakelike,0,"['similar', 'which', 'same', 'this', 'forms', 'example', 'one', 'the', 'is', 'resembles']"
agile long - legged rabbit - sized rodent of Central America and South America and the West Indies ; valued as food,agouti,0,"['which', 'more', 'both', 'all', 'like', 'one', 'only', 'most', 'same', 'way']"
condition in which a person assumes the identity and permanently acts the part of the gender opposite to his or her biological sex,transsexualism,0,"['same', 'this', 'that', 'only', 'because', 'one', 'not', 'what', 'fact', 'as']"
in a vile manner,vilely,0,"['this', 'way', 'same', 'very', 'as', 'sort', 'is', 'most', 'which', 'example']"
the act terminating an established state of affairs ; especially ending a connection with the Church of England,disestablishment,0,"['this', 'which', 'same', 'part', 'only', 'that', 'in', 'one', 'and', 'because']"
an Italian almond liqueur,amaretto,0,"['vanilla', 'flavored', 'apricot', 'hazelnut', 'syrup', 'chocolate', 'cream', 'juice', 'dessert', 'caramel']"
heavy fabric that resembles velvet,velours,0,"['which', 'cloth', 'resembling', 'covered', 'like', 'colored', 'piece', 'dark', 'sort', 'shaped']"
( folklore ) a female ogre,ogress,0,"['is', 'known', 'same', 'woman', 'only', 'first', 'the', 'or', 'as', 'named']"
"a set that is closed , associative , has an identity element and every element has an inverse",group,0,"['which', 'this', 'same', 'only', 'because', 'one', 'example', 'as', 'what', 'though']"
an advocate of federalism,federalist,0,"['the', 'support', 'opposed', 'advocating', 'proponent', 'policy', 'part', 'as', 'rights', 'this']"
being joined in close association,affiliated,0,"['both', 'been', 'as', 'while', 'the', 'after', 'was', 'last', 'they', 'when']"
small nut - bearing tree much grown in Europe,filbert,0,"['large', 'same', 'than', 'more', 'like', 'because', 'which', 'less', 'where', 'few']"
the act of enclosing something inside something else,enclosing,0,"['what', 'nothing', 'actually', 'anything', 'you', 'thing', 'really', 'this', 'sort', 'things']"
smiling with happiness or optimism,twinkly,0,"['sense', 'always', 'not', 'all', 'same', 'nothing', 'while', 'those', 'come', 'they']"
any of several marine reptiles of the Mesozoic having a body like a porpoise with dorsal and tail fins and paddle - shaped limbs,ichthyosaur,0,"['one', 'which', 'all', 'only', 'same', 'that', 'both', 'they', 'some', 'this']"
spend a certain length of time ; reside temporarily,sojourn,0,"['same', 'only', 'because', 'this', 'those', 'not', 'all', 'one', 'now', 'some']"
baffle that distributes sound waves evenly,diffuser,0,"['which', 'makes', 'sounds', 'generally', 'across', 'create', 'everything', 'these', 'creates', 'all']"
a religious society of women who live together as sisters ( especially an order of nuns ),sisterhood,0,"['same', 'only', 'and', 'the', 'all', 'which', 'this', 'they', 'both', 'one']"
difficult to deal with,troublesome,0,"['make', 'would', 'them', 'able', 'could', 'way', 'because', 'they', 'come', 'not']"
an isolated area of diminished vision within the visual field,scotoma,0,"['this', 'which', 'same', 'only', 'part', 'because', 'that', 'one', 'in', 'much']"
painful as if caused by a sharp instrument,stabbing,0,"['that', 'because', 'this', 'could', 'result', 'which', 'when', 'though', 'only', 'same']"
remove the fangs from,defang,0,"['removed', 'them', 'which', 'out', 'to', 'back', 'those', 'all', 'only', 'some']"
the act of acquiring something,acquiring,0,"['this', 'what', 'same', 'part', 'way', 'because', 'that', 'only', 'not', 'much']"
any substance that can cause lysis ( destruction ) of erythrocytes ( red blood cells ) and the release of their hemoglobin,hemolysin,0,"['which', 'same', 'only', 'not', 'or', 'because', 'this', 'all', 'these', 'those']"
someone who recites from memory,reciter,0,"['those', 'person', 'same', 'actually', 'anyone', 'you', 'what', 'them', 'when', 'know']"
an informal term for a youth or man,guy,0,"['as', 'this', 'same', 'one', 'only', 'which', 'that', 'because', 'is', 'the']"
the science of analyzing and deciphering codes and ciphers and cryptograms,cryptology,0,"['all', 'both', 'such', 'these', 'those', 'some', 'addition', 'many', 'example', 'including']"
chocolate that contains at least 32 percent cocoa butter,couverture,0,"['only', 'than', 'which', 'more', 'one', 'some', 'nearly', 'all', 'almost', 'less']"
the act of refusing an offer,turndown,0,"['which', 'this', 'that', 'would', 'not', 'only', 'same', 'to', 'because', 'give']"
of legislation,amended,0,"['the', 'measure', 'passed', 'proposed', 'provision', 'which', 'some', 'same', 'part', 'proposal']"
languishing because of love,lovesick,0,"['now', 'what', 'fact', 'much', 'this', 'those', 'though', 'all', 'the', 'many']"
with few mistakes,accurately,0,"['some', 'many', 'those', 'these', 'only', 'though', 'there', 'they', 'all', 'several']"
excessive emotionalism or irritability and excitability ( especially when displayed openly ),temperament,0,"['often', 'sometimes', 'because', 'such', 'both', 'as', 'certain', 'some', 'too', 'those']"
the state of being a member,membership,0,"['one', 'part', 'this', 'which', 'only', 'same', 'is', 'as', 'that', 'first']"
a person apparently sensitive to things beyond the natural range of perception,psychic,0,"['because', 'what', 'way', 'this', 'fact', 'that', 'same', 'not', 'only', 'might']"
( biology ) taxonomic group whose members can interbreed,species,0,"['only', 'same', 'known', 'which', 'these', 'example', 'groups', 'they', 'not', 'both']"
mercilessness characterized by a lack of pity,ruthlessness,0,"['this', 'sense', 'that', 'fact', 'result', 'because', 'which', 'much', 'however', 'not']"
not consciously observing,unseeing,0,"['should', 'observe', 'what', 'aware', 'always', 'they', 'fact', 'cannot', 'simply', 'whether']"
a loose material consisting of grains of rock or coral,sand,0,"['which', 'the', 'same', 'some', 'form', 'this', 'only', 'part', 'addition', 'such']"
male sex hormone that is produced in the testes and responsible for typical male sexual characteristics,androgen,0,"['same', 'only', 'which', 'example', 'this', 'both', 'because', 'not', 'one', 'although']"
a firearm that reloads itself,autoloader,0,"['which', 'this', 'same', 'only', 'is', 'fact', 'because', 'one', 'though', 'does']"
treatment to destroy harmful microorganisms,disinfection,0,"['prevent', 'bacteria', 'protect', 'could', 'them', 'therefore', 'able', 'reduce', 'cannot', 'would']"
physically unsound or diseased,bad,0,"['mentally', 'either', 'otherwise', 'emotionally', 'morally', 'deemed', 'sick', 'spiritually', 'unfit', 'person']"
"move downward and lower , but not necessarily all the way",descend,0,"['because', 'they', 'that', 'would', 'though', 'come', 'this', 'should', 'could', 'only']"
someone acting as an informer or decoy for the police,snitch,0,"['not', 'one', 'because', 'only', 'them', 'same', 'when', 'they', 'that', 'instead']"
( of sewage ) treated with aeration and bacteria to aid decomposition,activated,0,"['which', 'all', 'or', 'same', 'only', 'some', 'more', 'this', 'them', 'because']"
"climb awkwardly , as if by scrambling",sputter,0,"['when', 'they', 'way', 'because', 'then', 'back', 'though', 'could', 'out', 'again']"
to a measurable degree,measurably,0,"['only', 'this', 'not', 'same', 'take', 'give', 'make', 'could', 'would', 'that']"
a formal event performed on a special occasion,observance,0,"['this', 'same', 'first', 'which', 'only', 'one', 'that', 'the', 'last', 'week']"
a person who does not smoke tobacco,nonsmoker,0,"['that', 'because', 'only', 'could', 'what', 'would', 'actually', 'might', 'though', 'should']"
a precious or semiprecious stone incorporated into a piece of jewelry,gem,0,"['one', 'which', 'pieces', 'this', 'same', 'only', 'own', 'instead', 'part', 'some']"
relating to the antipodes or situated at opposite sides of the earth,antipodean,0,"['same', 'which', 'this', 'where', 'part', 'one', 'all', 'only', 'both', 'way']"
excessive heating,overheating,0,"['cooling', 'excess', 'fuel', 'consumption', 'increases', 'reduce', 'gasoline', 'reducing', 'amounts', 'amount']"
imparting vitality and energy,refreshing,0,"['creativity', 'dynamism', 'sense', 'knowledge', 'quality', 'resources', 'lack', 'innovation', 'emphasis', 'need']"
Italian bowling played on a long narrow dirt court,bocci,0,"['same', 'way', 'only', 'one', 'this', 'because', 'the', 'out', 'that', 'which']"
a univalent chemical radical derived from ethylene,vinyl,0,"['example', 'similar', 'using', 'form', 'produce', 'used', 'such', 'which', 'addition', 'chemicals']"
as deserved,deservedly,0,"['once', 'deserve', 'thought', 'though', 'they', 'not', 'should', 'certainly', 'better', 'much']"
arranged into groups,grouped,0,"['several', 'they', 'separate', 'them', 'group', 'out', 'which', 'organized', 'two', 'these']"
the act of comparing similarities,likening,0,"['same', 'example', 'what', 'this', 'fact', 'particular', 'those', 'these', 'that', 'which']"
someone who creates new dances,choreographer,0,"['something', 'actually', 'that', 'them', 'what', 'same', 'like', 'does', 'everyone', 'you']"
the feeling you have when you are satisfied with yourself,complacency,0,"['they', 'we', 'what', 'know', 'not', 'get', 'really', ""'re"", 'because', 'come']"
not capable of igniting and burning,noncombustible,0,"['without', 'all', 'more', 'because', 'those', 'them', 'both', 'than', 'only', 'making']"
in an overly sweet manner,cloyingly,0,"['very', 'way', 'too', 'more', 'less', 'this', 'quite', 'same', 'as', 'not']"
someone who tries to persuade or induce or lead on,persuader,0,"['take', 'them', 'could', 'might', 'give', 'make', 'try', 'would', 'help', 'trying']"
manipulate by or as if by moving around components,juggle,0,"['because', 'being', 'they', 'could', 'them', 'not', 'this', 'those', 'way', 'same']"
a tranquilizing drug ( trade name Serax ) used to treat anxiety and insomnia and alcohol withdrawal,oxazepam,0,"['which', 'as', 'same', 'because', 'such', 'take', 'not', 'or', 'that', 'this']"
the conversion of metals into their oxides as a result of heating to a high temperature,calcination,0,"['this', 'which', 'same', 'because', 'that', 'only', 'one', 'in', 'however', 'when']"
a voluptuously beautiful young woman,nymph,0,"['girl', 'very', 'gorgeous', 'person', 'she', 'pretty', 'her', 'one', 'handsome', 'female']"
marked by the exercise of good judgment or common sense in practical matters,judicious,0,"['this', 'same', 'because', 'only', 'fact', 'what', 'way', 'not', 'that', 'those']"
producing no result or effect,unavailing,0,"['because', 'not', 'without', 'only', 'either', 'could', 'that', 'this', 'such', 'those']"
a recurrence of a prior experience,reliving,0,"['this', 'same', 'only', 'one', 'the', 'result', 'first', 'that', 'having', 'part']"
large African black - and - white carrion - eating stork ; its downy underwing feathers are used to trim garments,marabout,0,"['all', 'or', 'those', 'they', 'like', 'more', 'both', 'these', 'such', 'which']"
in the direction opposite to the rotation of the hands of a clock,counterclockwise,0,"['same', 'this', 'which', 'one', 'way', 'part', 'only', 'that', 'what', 'first']"
unaged colorless liquor originating in Russia,vodka,3,"['distilled', 'originate', 'vodka', 'originated', 'whiskey', 'alcohol', 'alcoholic', 'originates', 'bottled', 'brewed']"
an illegal pitch in which a foreign substance ( spit or Vaseline ) is applied to the ball by the pitcher before he throws it,spitter,0,"['this', 'only', 'same', 'because', 'when', 'that', 'out', 'not', 'way', 'one']"
a mobile mass of muscular tissue covered with mucous membrane and located in the oral cavity,lingua,0,"['which', 'same', 'part', 'large', 'this', 'that', 'only', 'both', 'addition', 'is']"
given to merry frolicking,coltish,0,"['them', 'take', 'give', 'come', 'they', 'not', 'get', 'would', 'all', 'those']"
existing in fancy only,fantastic,0,"['same', 'those', 'not', 'all', 'which', 'these', 'because', 'without', 'this', 'some']"
a cause of worry or gloom or trouble,cloud,0,"['because', 'might', 'not', 'could', 'some', 'without', 'either', 'those', 'reason', 'much']"
the activity of making clear or converting from code into plain text,decoding,0,"['same', 'this', 'only', 'which', 'way', 'all', 'instead', 'because', 'make', 'not']"
relatively thin in consistency or low in density ; not viscous,thin,0,"['because', 'same', 'less', 'only', 'this', 'though', 'although', 'very', 'more', 'much']"
the principal activity in your life that you do to earn money,occupation,0,"['what', 'because', 'not', 'come', 'they', 'would', 'this', 'same', 'make', 'could']"
a public declaration of intentions ( as issued by a political party or government ),manifesto,0,"['which', 'only', 'this', 'same', 'that', 'the', 'not', 'however', 'because', 'and']"
formerly a British reform school for youths considered too young to send to prison,borstal,0,"['would', 'they', 'not', 'because', 'as', 'them', 'take', 'could', 'only', 'more']"
a social unit living together,menage,0,"['same', 'working', 'one', 'which', 'and', 'only', 'they', 'them', 'own', 'in']"
dance the rhumba,rumba,0,"['dancing', 'dances', 'dancers', 'music', 'ballet', 'musical', 'dancer', 'tango', 'ballroom', 'rhythm']"
having power to atone for or offered by way of expiation or propitiation,expiatory,0,"['not', 'either', 'only', 'those', 'this', 'instead', 'they', 'make', 'because', 'without']"
in an unattractive manner,unattractively,0,"['way', 'very', 'this', 'as', 'most', 'same', 'more', 'less', 'not', 'because']"
a defense that claims the defendant would not have broken the law if not tricked into doing it by law enforcement officials,entrapment,0,"['because', 'could', 'they', 'should', 'what', 'only', 'though', 'this', 'might', 'when']"
the roof of a house,housetop,0,"['which', 'this', 'one', 'same', 'part', 'that', 'in', 'only', 'first', 'is']"
capable of serving a purpose well,functionality,0,"['only', 'one', 'same', 'addition', 'is', 'this', 'the', 'as', 'making', 'more']"
a college or university building containing living quarters for students,dormitory,0,"['only', 'same', 'addition', 'one', 'in', 'where', 'while', 'years', 'and', 'than']"
a horse trained to lift its feet high off the ground while walking or trotting,stepper,0,"['out', 'only', 'way', 'back', 'same', 'because', 'which', 'take', 'them', 'one']"
in an ardent manner,ardently,0,"['most', 'way', 'as', 'this', 'more', 'same', 'very', 'both', 'only', 'which']"
"a female deer , especially an adult female red deer",hind,0,"['only', 'one', 'same', 'as', 'most', 'and', 'woman', 'the', 'both', 'though']"
in a dishonorable manner or to a dishonorable degree,ingloriously,0,"['this', 'only', 'same', 'not', 'way', 'more', 'either', 'less', 'would', 'could']"
British soldier ; so - called because of his red coat ( especially during the American Revolution ),redcoat,0,"['which', 'this', 'same', 'when', 'only', 'as', 'one', 'and', 'that', 'part']"
an exciting and mysterious quality ( as of a heroic time or adventure ),romance,0,"['this', 'same', 'only', 'one', 'more', 'the', 'is', 'which', 'way', 'all']"
the property ( of a problem or difficulty ) that makes it impossible to solve,insolubility,0,"['this', 'because', 'same', 'what', 'only', 'which', 'not', 'make', 'fact', 'way']"
colorless soluble flammable liquid ketone used as a solvent for resins and as a paint remover and in lacquers and cements and adhesives and cleaning fluids and celluloid,butanone,0,"['such', 'both', 'make', 'which', 'like', 'more', 'using', 'most', 'they', 'because']"
a person who uses snuff,snuffer,0,"['only', 'one', 'used', 'someone', 'actually', 'is', 'that', 'same', 'as', 'using']"
a fortified defensive structure,fortress,0,"['structures', 'building', 'this', 'complex', 'same', 'built', 'part', 'the', 'which', 'form']"
( Anglican Church ) an ecclesiastical dignitary usually ranking just below a bishop,archdeacon,0,"['only', 'same', 'this', 'is', 'one', 'the', 'as', 'which', 'or', 'first']"
alcoholic liquor flavored with bitter herbs and roots,bitters,0,"['drink', 'drinks', 'fruit', 'taste', 'flavor', 'alcohol', 'especially', 'fruits', 'flavors', 'vegetables']"
air moving ( sometimes with considerable force ) from an area of high pressure to an area of low pressure,wind,0,"['which', 'the', 'same', 'this', 'because', 'only', 'and', 'that', 'some', 'part']"
of a cask or barrel,broached,0,"['same', 'than', 'this', 'only', 'one', 'is', 'the', 'instead', 'which', 'either']"
in utter disorder,disorderly,0,"['chaos', 'confusion', 'suffering', 'sense', 'anxiety', 'this', 'result', 'same', 'what', 'despair']"
continuing through life,lifelong,0,"['continued', 'way', 'continue', 'continues', 'this', 'years', 'come', 'our', 'coming', 'beginning']"
( pathology ) an elevation of the skin filled with serous fluid,blister,0,"['same', 'which', 'this', 'is', 'only', 'or', 'and', 'in', 'part', 'some']"
restricting the scope or freedom of action,restricting,0,"['same', 'without', 'which', 'because', 'not', 'this', 'those', 'such', 'should', 'all']"
the act of lending money at an exorbitant rate of interest,usury,0,"['same', 'this', 'which', 'because', 'that', 'much', 'only', 'part', 'amount', 'what']"
a woman deacon,deaconess,0,"['girl', 'one', 'first', 'person', 'she', 'named', 'female', 'is', 'as', 'her']"
( of words ) interchangeable in a given context without changing the import of the expression,substitutable,0,"['same', 'this', 'only', 'which', 'example', 'because', 'what', 'one', 'fact', 'all']"
a cell from which bone develops,osteoblast,0,"['that', 'same', 'this', 'only', 'is', 'one', 'similar', 'because', 'the', 'example']"
a fringe region of partial shadow around an umbra,penumbra,0,"['the', 'part', 'this', 'which', 'same', 'some', 'one', 'is', 'only', 'that']"
the section of a band or orchestra that plays brass instruments,brass,0,"['which', 'same', 'this', 'one', 'part', 'only', 'as', 'first', 'addition', 'all']"
a military unit that is a subdivision of a company ; usually has a headquarters and two or more squads ; usually commanded by a lieutenant,platoon,0,"['which', 'only', 'this', 'same', 'one', 'as', 'because', 'the', 'part', 'than']"
a metric unit of length equal to one billionth of a meter,nm,0,"['same', 'only', 'than', 'this', 'the', 'each', 'which', 'second', 'first', 'is']"
what is produced in a given time period,outturn,0,"['this', 'same', 'only', 'which', 'one', 'that', 'because', 'when', 'though', 'the']"
bowed stringed instrument that is the highest member of the violin family ; this instrument has four strings and a hollow body and an unfretted fingerboard and is played with a bow,violin,0,"['which', 'same', 'one', 'only', 'both', 'all', 'as', 'because', 'part', 'way']"
leather shorts often worn with suspenders ; worn especially by men and boys in Bavaria,lederhosen,0,"['both', 'those', 'they', 'many', 'all', 'same', 'because', 'like', 'these', 'usually']"
insert a bud for propagation,inoculate,0,"['this', 'instead', 'same', 'one', 'the', 'called', 'used', 'make', 'example', 'using']"
after a negative statement used as an intensive meaning something like ` likewise ' or ` also ',either,0,"['because', 'what', 'not', 'this', 'that', 'they', 'same', 'way', 'though', 'fact']"
as a matter of doctrine,doctrinally,0,"['this', 'that', 'the', 'same', 'what', 'which', 'only', 'one', 'fact', 'because']"
freshwater fish of Central America having a long swordlike tail ; popular aquarium fish,swordtail,0,"['only', 'one', 'this', 'though', 'although', 'which', 'large', 'most', 'because', 'is']"
photosynthetic or plant constituent of plankton ; mainly unicellular algae,phytoplankton,6,"['organisms', 'plants', 'bacteria', 'species', 'these', 'phytoplankton', 'fungi', 'insects', 'nutrients', 'microorganisms']"
perennial herb of East Indies to Polynesia and Australia ; cultivated for its large edible root yielding Otaheite arrowroot starch,pia,0,"['more', 'such', 'this', 'or', 'growing', 'used', 'only', 'which', 'make', 'as']"
in an unproductive manner,fruitlessly,0,"['way', 'this', 'same', 'which', 'as', 'very', 'only', 'most', 'more', 'not']"
burrowing chiefly nocturnal mammal with body covered with strong horny plates,armadillo,0,"['large', 'usually', 'these', 'often', 'especially', 'primarily', 'those', 'very', 'generally', 'typically']"
understood perfectly,mastered,0,"['understand', 'quite', 'exactly', 'precisely', 'clearly', 'always', 'thought', 'indeed', 'fact', 'seems']"
involving a partial or full reversal of gender,transgendered,0,"['same', 'result', 'this', 'only', 'some', 'which', 'the', 'complete', 'because', 'example']"
a weak protease inhibitor ( trade name Invirase ) used in treating HIV,saquinavir,0,"['same', 'as', 'which', 'this', 'known', 'example', 'is', 'only', 'because', 'the']"
European bison having a smaller and higher head than the North American bison,aurochs,0,"['more', 'much', 'only', 'same', 'because', 'one', 'both', 'though', 'which', 'less']"
a Basque or Spanish game played in a court with a ball and a wickerwork racket,pelota,0,"['same', 'one', 'first', 'this', 'only', 'as', 'which', 'when', 'the', 'that']"
a legal document declaring a person 's wishes regarding the disposal of their property when they die,testament,0,"['that', 'not', 'because', 'same', 'this', 'only', 'would', 'one', 'what', 'should']"
get by special effort,procure,0,"['this', 'way', 'because', 'should', 'them', 'they', 'put', 'not', 'help', 'would']"
a coloring material ( obtained from lichens ) that turns red in acid solutions and blue in alkaline solutions ; used as a very rough acid - base indicator,litmus,0,"['which', 'same', 'this', 'example', 'only', 'more', 'because', 'way', 'such', 'is']"
abnormal alignment of one or both eyes,strabismus,0,"['same', 'all', 'only', 'those', 'because', 'either', 'these', 'this', 'some', 'not']"
be agitated,churn,0,"['being', 'very', 'been', 'not', 'become', 'too', 'angry', 'extremely', 'they', 'disturbed']"
remove an organ or bodily structure,ablate,0,"['either', 'without', 'which', 'same', 'addition', 'not', 'example', 'structures', 'the', 'could']"
any of a group of non - arboviruses including the rotavirus causing infant enteritis,reovirus,0,"['one', 'which', 'such', 'only', 'some', 'all', 'those', 'same', 'than', 'that']"
maneuvers of a horse in response to body signals by the rider,dressage,0,"['this', 'same', 'which', 'that', 'only', 'way', 'part', 'first', 'when', 'one']"
the activity of converting data or information into code,encoding,0,"['same', 'which', 'this', 'only', 'that', 'all', 'because', 'those', 'these', 'example']"
the time of life between the ages of 12 and 20,teens,0,"['same', 'years', 'only', 'which', 'one', 'all', 'this', 'in', 'days', 'than']"
capable of being expressed,expressible,0,"['been', 'only', 'both', 'fact', 'already', 'having', 'not', 'same', 'some', 'those']"
"having the consistency of dough because of insufficient leavening or improper cooking ; it 's a doughy mess """,soggy,0,"['this', 'same', 'not', 'what', 'that', 'much', 'only', 'fact', 'way', 'nothing']"
the act of implementing ( providing a practical means for accomplishing something ) ; carrying into effect,implementation,0,"['this', 'same', 'way', 'only', 'which', 'what', 'without', 'more', 'not', 'because']"
employed in accomplishing something,used,0,"['actually', 'what', 'doing', 'working', 'same', 'way', 'done', 'things', 'this', 'they']"
in a questionable and dubious manner,dubiously,0,"['way', 'as', 'same', 'this', 'because', 'most', 'very', 'more', 'such', 'both']"
a synthetic type of penicillin antibiotic ( trade name Pipracil ) used for moderate to severe infections,piperacillin,0,"['same', 'which', 'this', 'only', 'example', 'as', 'because', 'such', 'more', 'or']"
of or relating to the brain and spinal cord,cerebrospinal,0,"['which', 'those', 'all', 'these', 'such', 'same', 'because', 'that', 'this', 'part']"
owing or owed feudal allegiance and service,liege,0,"['pay', 'because', 'due', 'same', 'those', 'paid', 'all', 'however', 'having', 'thus']"
in a grammatical manner,grammatically,0,"['same', 'this', 'example', 'way', 'similar', 'only', 'very', 'more', 'which', 'one']"
apathy and inactivity in the practice of virtue ( personified as one of the deadly sins ),sloth,0,"['same', 'this', 'which', 'only', 'part', 'because', 'all', 'what', 'that', 'most']"
effusively or insincerely emotional,soppy,0,"['emotionally', 'emotion', 'overtly', 'empathy', 'uplifting', 'sentimental', 'feelings', 'heartfelt', 'praising', 'sometimes']"
the state of being irrational ; lacking powers of understanding,unreason,0,"['this', 'same', 'all', 'fact', 'because', 'which', 'and', 'that', 'what', 'part']"
a building where people go to eat,restaurant,0,"['they', 'come', 'them', 'way', 'take', 'make', 'you', 'would', 'want', 'get']"
the social system that developed in Europe in the 8th century ; vassals were protected by lords who they had to serve in war,feudalism,0,"['which', 'only', 'same', 'this', 'when', 'both', 'not', 'however', 'those', 'have']"
skating using Rollerblades,rollerblading,0,"['used', 'technique', 'skaters', 'instead', 'speed', 'ice', 'techniques', 'pairs', 'track', 'skiing']"
a cage ( usually made of wood and wire mesh ) for small animals,hutch,0,"['only', 'which', 'same', 'make', 'this', 'as', 'used', 'instead', 'all', 'making']"
an officer holding a commissioned rank in the United States Navy or the United States Coast Guard ; below lieutenant commander and above lieutenant junior grade,lieutenant,0,"['same', 'as', 'only', 'one', 'this', 'first', 'which', 'while', 'when', 'both']"
a relationship of mutual understanding or trust and agreement between people,resonance,0,"['both', 'which', 'that', 'way', 'same', 'this', 'all', 'because', 'only', 'with']"
coloration of living tissues by pigment,pigmentation,0,"['skin', 'cells', 'tissue', 'color', 'these', 'those', 'same', 'colour', 'organisms', 'animals']"
"unrestrained , especially with regard to feelings",overweening,0,"['both', 'not', 'because', 'those', 'and', 'such', 'they', 'particularly', 'all', 'way']"
cavity formed by the pharynx at the back of the mouth,oropharynx,0,"['which', 'this', 'same', 'part', 'when', 'first', 'in', 'out', 'one', 'that']"
"reads news , commercials on radio or television",announcer,0,"['broadcast', 'same', 'talk', 'shows', 'one', 'show', 'which', 'interview', 'only', 'that']"
leaves sometimes used as potherbs ; seeds used as cereal ; southern United States to Central America ; India and China,pigweed,0,"['both', 'which', 'often', 'such', 'or', 'only', 'they', 'because', 'example', 'though']"
thrusting inward,intrusive,0,"['inwards', 'outwards', 'outward', 'skyward', 'thrusts', 'downwards', 'thrust', 'curved', 'jabbing', 'bending']"
land or property held under a lease,leasehold,0,"['which', 'same', 'only', 'the', 'this', 'because', 'would', 'they', 'not', 'part']"
( psychiatry ) an attempt to overcome a real or imagined defect or unwanted trait by overly exaggerating its opposite,overcompensation,0,"['not', 'same', 'because', 'this', 'might', 'either', 'could', 'only', 'what', 'way']"
a cabinet containing an automatic record player ; records are played by inserting a coin,nickelodeon,0,"['only', 'one', 'same', 'this', 'first', 'which', 'that', 'as', 'the', 'two']"
the property of having the thickness of heavy cream,creaminess,0,"['same', 'which', 'part', 'this', 'one', 'because', 'only', 'much', 'all', 'some']"
"devoid of importance , meaning , or force",insignificant,0,"['same', 'only', 'because', 'fact', 'though', 'not', 'which', 'all', 'although', 'however']"
showing your contempt by derision,jeering,0,"['disdain', 'shown', 'their', 'showed', 'own', 'them', 'same', 'anger', 'those', 'sense']"
a hard steel edge tool used to cut gears,hob,0,"['make', 'using', 'way', 'instead', 'could', 'this', 'because', 'turn', 'which', 'needed']"
honorableness by virtue of being respectable and having a good reputation,reputability,0,"['this', 'only', 'same', 'been', 'because', 'way', 'not', 'they', 'as', 'though']"
having or covered with protective barbs or quills or spines or thorns or setae etc .,burry,0,"['either', 'those', 'sometimes', 'usually', 'these', 'without', 'often', 'not', 'they', 'all']"
permanent canopy over an entrance of a hotel etc .,marquise,0,"['the', 'which', 'this', 'same', 'only', 'one', 'there', 'that', 'addition', 'where']"
every two weeks,fortnightly,0,"['days', 'five', 'months', 'one', 'week', 'last', 'eight', 'month', 'seven', 'years']"
judge to be probable,estimate,0,"['not', 'would', 'could', 'should', 'might', 'whether', 'because', 'possible', 'must', 'that']"
having or showing profound knowledge,erudite,0,"['fact', 'indeed', 'have', 'those', 'experience', 'without', 'not', 'actually', 'because', 'only']"
the time of day immediately following sunset,nightfall,0,"['after', 'before', 'days', 'when', 'this', 'last', 'same', 'week', 'one', 'which']"
impossible to identify,unidentifiable,0,"['able', 'find', 'unable', 'difficult', 'cannot', 'help', 'make', 'must', 'trying', 'could']"
a golf shot that curves to the left for a right - handed golfer,hooking,0,"['one', 'only', 'same', 'this', 'when', 'way', 'because', 'back', 'which', 'last']"
grave or even gloomy in character,somber,0,"['same', 'because', 'though', 'this', 'those', 'fact', 'only', 'not', 'as', 'might']"
a threadlike strand of DNA in the cell nucleus that carries the genes in a linear order,chromosome,0,"['which', 'same', 'this', 'one', 'only', 'part', 'is', 'example', 'where', 'because']"
involving metabolism,metabolically,0,"['involved', 'involve', 'involves', 'metabolic', 'related', 'processes', 'interactions', 'activity', 'affecting', 'resulting']"
dried naturally by the sun,sundried,0,"['which', 'this', 'because', 'when', 'that', 'once', 'they', 'same', 'only', 'being']"
having your attention fixated as though by a spell,hypnotized,0,"['because', 'not', 'this', 'when', 'only', 'fact', 'too', 'they', 'although', 'same']"
important food and game fish of northern seas ( especially the northern Atlantic ) ; related to cod,pollock,0,"['which', 'this', 'part', 'in', 'both', 'because', 'all', 'as', 'only', 'most']"
the 14th letter of the Roman alphabet,n,0,"['which', 'same', 'this', 'first', 'part', 'one', 'last', 'second', 'in', 'only']"
"flow in a circular current , of liquids",swirl,0,"['same', 'which', 'the', 'this', 'that', 'only', 'is', 'one', 'example', 'addition']"
of or relating to a cortex,cortical,0,"['same', 'which', 'the', 'this', 'those', 'such', 'only', 'these', 'part', 'all']"
fill with distaste,revolt,0,"['filled', 'filling', 'own', 'sense', 'their', 'deep', 'desire', 'disdain', 'make', 'frustration']"
a flammable colorless gaseous alkene ; obtained from petroleum and natural gas and used in manufacturing many other chemicals ; sometimes used as an anesthetic,ethylene,0,"['such', 'which', 'example', 'both', 'because', 'same', 'some', 'using', 'more', 'most']"
impossible of undergoing division,indivisible,0,"['part', 'result', 'the', 'because', 'difficult', 'this', 'now', 'only', 'same', 'making']"
with little or no preparation or forethought,offhand,0,"['without', 'not', 'much', 'either', 'only', 'because', 'there', 'nothing', 'some', 'more']"
any outer covering that can be shed or cast off ( such as the cast - off skin of a snake ),slough,0,"['only', 'which', 'this', 'all', 'not', 'same', 'because', 'some', 'one', 'could']"
( of buildings and rooms ) having ample space,roomy,0,"['all', 'same', 'only', 'some', 'addition', 'which', 'both', 'while', 'there', 'more']"
group of people related by blood or marriage,tribe,0,"['those', 'which', 'same', 'all', 'because', 'only', 'that', 'some', 'not', 'this']"
a facility where things can be deposited for storage or safekeeping,depository,0,"['because', 'they', 'could', 'not', 'them', 'should', 'either', 'this', 'only', 'would']"
one who trains other persons or animals,trainer,0,"['those', 'only', 'others', 'all', 'many', 'some', 'people', 'them', 'these', 'they']"
confined usually by illness,homebound,0,"['often', 'being', 'because', 'been', 'although', 'though', 'typically', 'normally', 'sometimes', 'generally']"
reduced in strength or concentration or quality or purity,dilute,0,"['either', 'because', 'same', 'those', 'only', 'than', 'less', 'much', 'result', 'not']"
senseless talk,hooey,0,"['talking', 'frankly', 'nothing', 'stupid', 'condemn', 'anything', 'horrible', 'forget', 'thing', 'hate']"
a false statement,untruth,0,"['that', 'statements', 'saying', 'this', 'earlier', 'issued', 'not', 'same', 'reports', 'made']"
something intended as a guide for making something else,blueprint,0,"['what', 'make', 'way', 'not', 'actually', 'because', 'this', 'nothing', 'that', 'anything']"
causing extreme terror,terrifying,0,"['caused', 'cause', 'severe', 'terrorist', 'causes', 'attacks', 'terrorism', 'danger', 'threat', 'dangerous']"
backbone of an animal,chine,0,"['the', 'part', 'which', 'that', 'this', 'same', 'one', 'only', 'form', 'example']"
a ghostly appearing figure,phantom,0,"['appears', 'appeared', 'appear', 'appearance', 'figures', 'as', 'looking', 'same', 'look', 'only']"
one of several parallel sloping beams that support a roof,rafter,0,"['which', 'only', 'same', 'this', 'two', 'some', 'the', 'both', 'because', 'many']"
the act of consuming food,eating,0,"['which', 'this', 'all', 'because', 'part', 'only', 'same', 'that', 'such', 'most']"
an informal expression for a mildly depressed state,mopes,0,"['this', 'same', 'because', 'that', 'very', 'more', 'only', 'is', 'as', 'not']"
"denoting a quantity consisting of 1,000 items or units",thousand,0,"['addition', 'same', 'than', 'only', 'some', 'each', 'number', 'large', 'which', 'more']"
a record of deposits and withdrawals and interest held by depositors at certain banks,passbook,0,"['those', 'all', 'which', 'because', 'both', 'only', 'some', 'same', 'that', 'they']"
storeroom for storing goods and supplies used in a business,stockroom,0,"['same', 'while', 'which', 'because', 'as', 'more', 'using', 'where', 'such', 'them']"
medium - sized tropical marine food fishes that utter grunting sounds when caught,grunt,0,"['like', 'they', 'only', 'because', 'too', 'not', 'one', 'out', 'what', 'you']"
affectionate play ( or foreplay without contact with the genital organs ),smooching,0,"['only', 'not', 'either', 'all', 'same', 'because', 'which', 'having', 'they', 'this']"
place into a coffin,coffin,0,"['out', 'this', 'way', 'then', 'before', 'one', 'same', 'first', 'when', 'back']"
used of competition or cooperation between secondary schools,interschool,0,"['both', 'which', 'and', 'same', 'all', 'only', 'these', 'because', 'those', 'the']"
without comfort,comfortless,0,"['need', 'only', 'giving', 'them', 'not', 'nothing', 'knowing', 'instead', 'give', 'enough']"
a dull grey North American thrush noted for its beautiful song,solitaire,0,"['very', 'this', 'though', 'same', 'as', 'one', 'only', 'the', 'although', 'most']"
the quality of lacking any predictable order or plan,stochasticity,0,"['not', 'because', 'this', 'only', 'same', 'those', 'without', 'all', 'way', 'that']"
having your attention fixated as though by a spell,spellbound,0,"['because', 'not', 'this', 'when', 'only', 'fact', 'too', 'they', 'although', 'same']"
land suitable for grazing livestock,rangeland,0,"['farming', 'cattle', 'lands', 'animals', 'agricultural', 'areas', 'farmland', 'sheep', 'crops', 'farm']"
shrewdness as demonstrated by being skilled in deception,craft,0,"['been', 'because', 'this', 'most', 'fact', 'both', 'many', 'often', 'they', 'more']"
any of various systems of units for measuring electricity and magnetism,emu,0,"['such', 'all', 'these', 'some', 'addition', 'those', 'same', 'which', 'only', 'both']"
acting or functioning as a regent or ruler,regent,0,"['either', 'not', 'only', 'instead', 'one', 'because', 'being', 'without', 'same', 'considered']"
actively practicing a religion,churchgoing,0,"['practiced', 'practice', 'religious', 'doing', 'teaching', 'interested', 'instead', 'engaged', 'is', 'working']"
badly timed,untimely,0,"['poorly', 'severely', 'hurt', 'seriously', 'coincide', 'meant', 'damaged', 'deliberately', 'failed', 'timing']"
food cooked and served in a casserole,casserole,0,"['as', 'then', 'serve', 'where', 'which', 'the', 'this', 'place', 'only', 'with']"
a rotating shaft driven by ( or driving ) a crank,crankshaft,0,"['same', 'this', 'instead', 'which', 'is', 'either', 'only', 'one', 'being', 'than']"
the process whereby a person concentrates on some features of the environment to the ( relative ) exclusion of others,attending,0,"['same', 'which', 'this', 'only', 'one', 'that', 'because', 'part', 'all', 'example']"
someone who pulls or tugs or drags in an effort to move something,tugger,0,"['way', 'could', 'out', 'take', 'because', 'might', 'come', 'them', 'get', 'you']"
tending to or capable of propelling,propellent,0,"['instead', 'more', 'them', 'than', 'either', 'while', 'making', 'those', 'way', 'thus']"
the act of disbanding,disbandment,0,"['part', 'which', 'this', 'same', 'all', 'before', 'only', 'that', 'in', 'last']"
a soft grey mineral ; the chief ore of antimony,stibnite,0,"['which', 'as', 'only', 'is', 'and', 'this', 'one', 'same', 'in', 'part']"
( used informally ) completely unclothed,peeled,0,"['either', 'or', 'using', 'commonly', 'referred', 'same', 'being', 'although', 'which', 'only']"
bound by or as if by an oath,sworn,0,"['not', 'being', 'because', 'this', 'that', 'only', 'which', 'either', 'when', 'would']"
extending out above or beyond a surface or boundary,protruding,0,"['only', 'same', 'either', 'this', 'which', 'not', 'instead', 'those', 'without', 'the']"
hard tough wood of an elm tree ; used for e.g. implements and furniture,elm,0,"['example', 'such', 'same', 'which', 'as', 'way', 'like', 'because', 'all', 'especially']"
the fielding position of the player on a baseball team who is stationed near the third of the bases in the infield ( counting counterclockwise from home plate ),third,0,"['same', 'one', 'only', 'this', 'first', 'which', 'second', 'where', 'part', 'last']"
of or relating to appetite,appetitive,0,"['those', 'such', 'all', 'certain', 'these', 'not', 'some', 'related', 'the', 'and']"
making to seem more important than it really is,magnification,0,"['make', 'because', 'much', 'what', 'way', 'this', 'not', 'something', 'though', 'very']"
large outdoor signboard,hoarding,0,"['indoor', 'larger', 'sized', 'gigantic', 'outside', 'outdoors', 'display', 'enclosed', 'displays', 'smaller']"
( music ) melodic subject of a musical composition,theme,0,"['same', 'which', 'example', 'this', 'is', 'the', 'part', 'addition', 'writing', 'particular']"
a degree or grade of excellence or worth,quality,0,"['same', 'only', 'than', 'this', 'one', 'either', 'is', 'addition', 'more', 'all']"
a disinclination to work or exert yourself,slothfulness,0,"['make', 'take', 'able', 'you', 'should', 'want', 'need', 'trying', 'help', 'way']"
serving to warn,monitory,0,"['serve', 'help', 'would', 'them', 'could', 'trying', 'take', 'allow', 'should', 'able']"
unusual darkening of the skin,hyperpigmentation,0,"['this', 'same', 'which', 'particular', 'especially', 'what', 'that', 'because', 'some', 'certain']"
a tremor preceding an earthquake,foreshock,0,"['quake', 'this', 'magnitude', 'same', 'occurred', 'followed', 'which', 'last', 'one', 'following']"
capable of or tending to change in form or quality or nature,changeable,0,"['either', 'not', 'same', 'only', 'those', 'more', 'because', 'instead', 'these', 'this']"
a system that is part of some larger system,subsystem,0,"['which', 'this', 'same', 'the', 'only', 'because', 'one', 'what', 'now', 'much']"
a decorative design made of one material sewn over another,applique,0,"['only', 'same', 'this', 'which', 'making', 'that', 'the', 'make', 'first', 'some']"
someone who acts or responds in a mechanical or apathetic way,automaton,0,"['either', 'not', 'because', 'only', 'what', 'same', 'actually', 'this', 'you', 'one']"
part ; cease or break association with,disjoint,0,"['which', 'only', 'not', 'both', 'and', 'this', 'all', 'because', 'that', 'the']"
get or gather together,accumulate,0,"['them', 'they', 'come', 'you', 'those', 'want', 'able', 'need', 'make', 'to']"
a chemical element lacking typical metallic properties,nonmetal,0,"['example', 'elements', 'particular', 'similar', 'type', 'certain', 'structure', 'same', 'types', 'components']"
a thick mush made of cornmeal boiled in stock or water,polenta,0,"['make', 'this', 'which', 'into', 'the', 'only', 'making', 'because', 'instead', 'one']"
a material used to coat cooking utensils and in industrial applications where sticking is to be avoided,polytetrafluoroethylene,0,"['not', 'because', 'this', 'same', 'they', 'only', 'which', 'them', 'instead', 'make']"
a part of a road that has been widened to allow cars to pass or park,turnout,0,"['this', 'which', 'only', 'would', 'because', 'same', 'could', 'way', 'not', 'they']"
leavened bread baked in a clay oven in India ; usually shaped like a teardrop,naan,0,"['this', 'same', 'which', 'one', 'or', 'only', 'example', 'large', 'instead', 'where']"
small slender European freshwater fish often used as bait by anglers,gudgeon,0,"['usually', 'sometimes', 'many', 'large', 'using', 'these', 'such', 'they', 'commonly', 'only']"
a small town in a cattle - raising area of western North America,cowtown,0,"['the', 'part', 'which', 'where', 'same', 'this', 'one', 'large', 'only', 'last']"
rendering an organism sensitive to a serum by a series of injections,sensitization,0,"['this', 'which', 'same', 'only', 'that', 'the', 'more', 'one', 'because', 'is']"
a specialist in urology,urologist,0,"['specializing', 'first', 'medical', 'medicine', 'the', 'expert', 'department', 'study', 'one', 'last']"
of or relating to or characteristic of a brahmin,brahminical,0,"['same', 'this', 'the', 'some', 'such', 'example', 'those', 'one', 'which', 'all']"
guided by practical experience and observation rather than theory,practical,0,"['more', 'these', 'only', 'fact', 'same', 'this', 'example', 'way', 'that', 'such']"
( law ) an agreement or concession made by parties in a judicial proceeding ( or by their attorneys ) relating to the business before the court ; must be in writing unless they are part of the court record,stipulation,0,"['only', 'this', 'same', 'not', 'which', 'because', 'that', 'all', 'would', 'should']"
twice as great or many,doubled,0,"['because', 'both', 'those', 'have', 'they', 'one', 'only', 'once', 'most', 'such']"
any of a large class of compounds that have alternate silicon and oxygen atoms,siloxane,0,"['same', 'only', 'which', 'these', 'because', 'some', 'this', 'one', 'such', 'all']"
a large dark low cloud,stratus,0,"['very', 'because', 'this', 'long', 'that', 'which', 'relatively', 'same', 'is', 'the']"
finch with a bill whose tips cross when closed,crossbill,0,"['after', 'same', 'which', 'that', 'one', 'the', 'only', 'before', 'because', 'way']"
dilatation of the veins associated with the spermatic cord in the testes,varicocele,0,"['which', 'this', 'same', 'part', 'that', 'only', 'because', 'both', 'those', 'and']"
lodging for military personnel ( especially in a private home ),billet,0,"['only', 'which', 'same', 'as', 'and', 'more', 'this', 'while', 'the', 'addition']"
the trait of not being dependable or reliable,unreliability,0,"['because', 'only', 'most', 'either', 'though', 'one', 'as', 'fact', 'this', 'way']"
with respect to climate,climatically,0,"['should', 'both', 'not', 'them', 'need', 'change', 'all', 'and', 'this', 'give']"
in the second place,secondly,0,"['first', 'third', 'last', 'this', 'fourth', 'same', 'one', 'which', 'only', 'where']"
severe hypoxia ; absence of oxygen in inspired gases or in arterial blood or in the tissues,anoxia,0,"['which', 'because', 'result', 'same', 'such', 'only', 'this', 'those', 'and', 'these']"
a disappointing decline after a previous rise,anticlimax,0,"['last', 'month', 'year', 'following', 'this', 'earlier', 'result', 'despite', 'drop', 'week']"
gain strength,strengthen,0,"['gaining', 'gains', 'ability', 'gained', 'stronger', 'boost', 'advantage', 'confidence', 'increased', 'much']"
an indefinite or unknown location,somewhere,0,"['same', 'either', 'because', 'this', 'not', 'without', 'possibly', 'only', 'one', 'possible']"
calculated to please or gain favor,ingratiating,0,"['would', 'should', 'not', 'want', 'might', 'could', 'either', 'give', 'instead', 'make']"
inflammation of the conjunctiva of the eye,conjunctivitis,0,"['part', 'which', 'this', 'same', 'that', 'because', 'one', 'what', 'is', 'in']"
hold back,encumber,0,"['take', 'put', 'come', 'out', 'get', 'would', 'they', 'keep', 'to', 'could']"
of a leaf shape ; egg - shaped with the broader end at the base,ovate,0,"['which', 'same', 'this', 'one', 'that', 'only', 'part', 'way', 'in', 'first']"
a group of people assembled to sing together,chorus,0,"['they', 'them', 'same', 'all', 'come', 'one', 'this', 'which', 'take', 'the']"
a police officer who investigates crimes,tec,0,"['officers', 'criminal', 'investigating', 'arrested', 'policeman', 'alleged', 'investigation', 'suspect', 'authorities', 'charged']"
the act of filling something with air,inflation,0,"['same', 'this', 'all', 'that', 'which', 'what', 'only', 'because', 'when', 'way']"
the state of actually existing objectively,actuality,0,"['same', 'what', 'this', 'that', 'only', 'which', 'fact', 'not', 'because', 'way']"
raise trivial objections,carp,0,"['concerns', 'raises', 'raising', 'objection', 'raised', 'question', 'questions', 'proposal', 'issue', 'aside']"
having no limbs,limbless,0,"['without', 'have', 'only', 'never', 'not', 'they', 'because', 'though', 'those', 'there']"
with intention ; in an intentional manner,intentionally,0,"['not', 'this', 'same', 'only', 'way', 'and', 'without', 'both', 'that', 'which']"
an acquired skin disease characterized by patches of unpigmented skin ( often surrounded by a heavily pigmented border ),vitiligo,0,"['which', 'usually', 'being', 'been', 'same', 'this', 'only', 'because', 'sometimes', 'although']"
abjectly submissive ; characteristic of a slave or servant,slavish,0,"['example', 'as', 'either', 'one', 'only', 'person', 'not', 'thus', 'usually', 'this']"
a person whose duty is to throw troublemakers out of a bar or public meeting,bouncer,0,"['only', 'not', 'because', 'one', 'this', 'same', 'that', 'way', 'take', 'the']"
a hill that rises abruptly from the surrounding region ; has a flat top and sloping sides,butte,0,"['which', 'this', 'same', 'because', 'both', 'last', 'one', 'once', 'only', 'where']"
someone or something that is unwanted and unneeded,deadwood,0,"['because', 'anything', 'actually', 'what', 'nothing', 'you', 'not', 'might', 'them', 'does']"
wind blowing opposite to the path of a ship or aircraft,headwind,0,"['same', 'which', 'way', 'this', 'one', 'either', 'could', 'only', 'instead', 'turn']"
a woman entrusted with the care and supervision of a child ( especially in a private home ),governess,0,"['same', 'only', 'which', 'this', 'one', 'as', 'is', 'part', 'because', 'while']"
treated with contempt,hated,0,"['them', 'both', 'not', 'those', 'others', 'all', 'treatment', 'only', 'disdain', 'being']"
a detail that is considered insignificant,technicality,0,"['this', 'what', 'fact', 'because', 'though', 'not', 'only', 'very', 'yet', 'although']"
( psychiatry ) an abnormal absorption with the self ; marked by communication disorders and short attention span and inability to treat others as people,autism,0,"['both', 'which', 'same', 'this', 'only', 'because', 'those', 'all', 'that', 'more']"
a group of people who adhere to a common faith and habitually attend a given church,fold,0,"['same', 'that', 'only', 'which', 'this', 'not', 'they', 'one', 'because', 'take']"
a large stringed instrument ; seated player holds it upright while playing,violoncello,0,"['only', 'same', 'one', 'which', 'is', 'though', 'both', 'play', 'now', 'instead']"
the branch of genetics that studies the genetically determined variations in responses to drugs in humans or laboratory organisms,pharmacogenetics,0,"['same', 'which', 'these', 'those', 'this', 'they', 'because', 'not', 'only', 'example']"
an integer that is an exact divisor of some quantity,aliquot,0,"['this', 'same', 'what', 'which', 'only', 'fact', 'because', 'example', 'there', 'one']"
by a particular locality,locally,0,"['same', 'this', 'is', 'which', 'example', 'one', 'only', 'that', 'similar', 'being']"
someone who skates on a skateboard,skateboarder,0,"['same', 'you', 'one', 'get', 'put', 'when', 'take', 'they', 'instead', 'because']"
the 10th letter of the Roman alphabet,j,0,"['first', 'this', 'which', 'same', 'second', 'part', 'last', 'one', 'in', 'only']"
a person devoted to refined sensuous enjoyment ( especially good food and drink ),epicure,0,"['more', 'make', 'very', 'much', 'way', 'this', 'only', 'because', 'same', 'you']"
a motley assortment of things,hodgepodge,0,"['sort', 'some', 'what', 'like', 'same', 'something', 'thing', 'way', 'all', 'few']"
a practical joke that involves inserting a match surreptitiously between the sole and upper of the victim 's shoe and then lighting it,hotfoot,0,"['one', 'same', 'which', 'this', 'only', 'because', 'way', 'when', 'what', 'part']"
completely sealed ; completely airtight,hermetic,0,"['totally', 'entirely', 'partially', 'essentially', 'virtually', 'almost', 'everything', 'either', 'otherwise', 'not']"
someone who administers a test to determine your qualifications,quizzer,0,"['whether', 'take', 'must', 'should', 'make', 'you', 'what', 'same', 'only', 'give']"
made less severe or intense,mitigated,0,"['more', 'because', 'than', 'much', 'result', 'most', 'though', 'too', 'those', 'only']"
coming down or downward,descending,0,"['back', 'come', 'out', 'turn', 'falling', 'because', 'way', 'could', 'off', 'instead']"
a person who requests or seeks something such as assistance or employment or admission,applier,0,"['not', 'only', 'either', 'because', 'those', 'more', 'might', 'make', 'should', 'could']"
an adventurer ( especially one who led the Spanish conquest of Mexico and Peru in the 16th century ),conquistador,0,"['first', 'which', 'this', 'part', 'same', 'as', 'only', 'most', 'when', 'last']"
provide with leverage,leverage,0,"['providing', 'give', 'help', 'provided', 'need', 'needed', 'to', 'offer', 'support', 'more']"
the 2nd letter of the Hebrew alphabet,beth,0,"['which', 'same', 'first', 'part', 'this', 'second', 'one', 'in', 'last', 'only']"
of or relating to or associated with the parietal bones in the cranium,parietal,0,"['which', 'same', 'those', 'this', 'all', 'only', 'and', 'not', 'that', 'because']"
a game in which players use long sticks to shove wooden disks onto the scoring area marked on a smooth surface,shuffleboard,0,"['this', 'same', 'only', 'way', 'one', 'that', 'they', 'instead', 'out', 'because']"
being in cash or easily convertible to cash ; debt paying ability,liquidity,0,"['because', 'money', 'could', 'more', 'not', 'them', 'they', 'only', 'would', 'either']"
"in Christianity , clergymen collectively ( as distinguished from the laity )",clergy,0,"['which', 'same', 'only', 'both', 'and', 'all', 'most', 'this', 'those', 'part']"
despite anything to the contrary ( usually following a concession ),nonetheless,0,"['this', 'only', 'same', 'not', 'however', 'which', 'because', 'though', 'that', 'although']"
calm and unruffled self - assurance,imperturbability,0,"['quiet', 'confidence', 'manner', 'confident', 'sense', 'ensure', 'despite', 'all', 'way', 'determination']"
any of a variety of pungent aromatic vegetable substances used for flavoring food,spice,0,"['such', 'addition', 'some', 'using', 'example', 'certain', 'more', 'because', 'same', 'only']"
a device for straightening,straightener,0,"['instead', 'using', 'same', 'making', 'this', 'way', 'used', 'only', 'before', 'which']"
( of a male animal ) having the testicles removed,gelded,0,"['same', 'only', 'which', 'one', 'being', 'or', 'because', 'part', 'this', 'when']"
help in a difficult situation,succor,0,"['this', 'way', 'because', 'make', 'could', 'to', 'what', 'that', 'trying', 'take']"
of or relating to a creed,creedal,0,"['same', 'the', 'this', 'which', 'only', 'all', 'not', 'one', 'such', 'those']"
of or relating to the bones of the fingers or toes,phalangeal,0,"['those', 'all', 'which', 'same', 'only', 'some', 'one', 'this', 'because', 'these']"
incongruous ; inviting ridicule,derisory,0,"['invite', 'scorn', 'derision', 'uncomfortable', 'amused', 'ironic', 'amusing', 'seems', 'invites', 'awkward']"
any period of seven consecutive days,week,0,"['five', 'eight', 'last', 'months', 'only', 'years', 'two', 'year', 'one', 'month']"
ostentatiously lofty in style,declamatory,0,"['elegant', 'modest', 'own', 'setting', 'extravagant', 'more', 'often', 'grandiose', 'rhetoric', 'manner']"
belonging to or characteristic of Romanticism or the Romantic Movement in the arts,romanticist,0,"['same', 'which', 'this', 'only', 'one', 'part', 'all', 'and', 'those', 'not']"
terse and witty and like a maxim,aphoristic,0,"['both', 'as', 'very', 'way', 'such', 'more', 'all', 'one', 'most', 'with']"
an essential amino acid found in proteins ; isomeric with leucine,isoleucine,0,"['acids', 'protein', 'example', 'which', 'addition', 'this', 'same', 'form', 'these', 'such']"
conveyance provided by the ships belonging to one country or industry,shipping,0,"['only', 'which', 'this', 'same', 'that', 'not', 'all', 'because', 'they', 'would']"
inflammation of the mucous membrane of the larynx ; characterized by hoarseness or loss of voice and coughing,laryngitis,0,"['which', 'this', 'because', 'same', 'part', 'only', 'that', 'such', 'result', 'all']"
detrimental to health,insalubrious,0,"['would', 'could', 'should', 'help', 'not', 'affect', 'improve', 'might', 'make', 'take']"
in a staunch manner,staunchly,0,"['as', 'way', 'this', 'same', 'very', 'most', 'which', 'is', 'only', 'that']"
a spear thrown as a weapon or in competitive field events,javelin,0,"['one', 'this', 'same', 'only', 'because', 'which', 'that', 'way', 'first', 'is']"
of or relating to nihilism,nihilistic,0,"['such', 'those', 'all', 'certain', 'these', 'some', 'not', 'either', 'this', 'which']"
any deviation from a healthy or normal condition,pathology,0,"['only', 'not', 'because', 'same', 'without', 'either', 'this', 'those', 'there', 'that']"
in a predictable manner or to a predictable degree,predictably,0,"['this', 'way', 'same', 'more', 'not', 'less', 'sort', 'only', 'very', 'because']"
a social class comprising those who do manual labor or work for wages,proletariat,0,"['only', 'same', 'not', 'working', 'because', 'they', 'more', 'all', 'many', 'some']"
a conveyance that transports passengers or freight in carriers suspended from cables and supported by a series of towers,tramway,0,"['which', 'only', 'same', 'because', 'this', 'the', 'all', 'one', 'while', 'some']"
for a very long or seemingly endless time,forever,0,"['because', 'this', 'only', 'way', 'same', 'not', 'one', 'too', 'more', 'instead']"
propel through the air,loft,0,"['which', 'way', 'into', 'back', 'could', 'out', 'this', 'coming', 'that', 'turn']"
a buoy with a round bottom and conical top,can,0,"['one', 'the', 'first', 'this', 'only', 'second', 'which', 'same', 'two', 'that']"
a state of comatose torpor ( as found in sleeping sickness ),lassitude,0,"['same', 'only', 'while', 'this', 'which', 'when', 'one', 'the', 'is', 'after']"
powder of ground roasted cacao beans with most of the fat removed,cocoa,0,"['all', 'some', 'only', 'and', 'which', 'same', 'more', 'because', 'one', 'much']"
a specialist in the theory of education,educationist,0,"['this', 'same', 'part', 'one', 'which', 'first', 'that', 'only', 'example', 'is']"
the addition or substitution of chlorine in organic compounds,chlorination,0,"['example', 'such', 'same', 'which', 'used', 'this', 'only', 'these', 'some', 'because']"
of great significance or value,important,3,"['same', 'much', 'important', 'this', 'fact', 'particular', 'example', 'what', 'the', 'such']"
a traveler who drives ( or travels with ) a dog team,musher,0,"['only', 'same', 'one', 'is', 'which', 'this', 'as', 'first', 'when', 'and']"
a stone that is used to mark a grave,gravestone,0,"['this', 'which', 'only', 'same', 'one', 'not', 'because', 'what', 'way', 'could']"
at another time,anon,0,"['one', 'when', 'before', 'only', 'same', 'last', 'after', 'this', 'first', 'while']"
the use of tricks to deceive someone ( usually to extract money from them ),trickery,0,"['make', 'only', 'not', 'same', 'they', 'used', 'instead', 'way', 'come', 'take']"
a mobile mass of muscular tissue covered with mucous membrane and located in the oral cavity,clapper,0,"['which', 'same', 'part', 'large', 'this', 'that', 'only', 'both', 'addition', 'is']"
cautionary advice about something imminent ( especially imminent danger or other unpleasantness ),admonition,0,"['might', 'some', 'because', 'what', 'nothing', 'there', 'not', 'fact', 'perhaps', 'such']"
a promotional statement ( as found on the dust jackets of books ),blurb,0,"['which', 'same', 'this', 'only', 'one', 'in', 'that', 'first', 'and', 'part']"
the portion of the loin ( especially of beef ) just in front of the rump,sirloin,0,"['part', 'which', 'same', 'this', 'only', 'all', 'one', 'and', 'much', 'is']"
a container for cooking popcorn,popper,0,"['food', 'one', 'dish', 'you', 'make', 'large', 'meal', 'containers', 'instead', 'more']"
"wearing , or having the face adorned with , eyeglasses or an eyeglass",spectacled,0,"['same', 'only', 'either', 'and', 'because', 'while', 'they', 'without', 'all', 'not']"
not artificially colored or bleached,undyed,0,"['either', 'because', 'sometimes', 'those', 'they', 'instead', 'often', 'these', 'otherwise', 'being']"
a school for students intermediate between elementary school and college ; usually grades 9 to 12,lyceum,0,"['only', 'same', 'both', 'which', 'where', 'years', 'all', 'addition', 'in', 'year']"
in name only,nominally,0,"['same', 'one', 'this', 'although', 'first', 'which', 'though', 'the', 'not', 'as']"
a particularly difficult or baffling question or problem,stumper,0,"['because', 'this', 'especially', 'what', 'fact', 'not', 'very', 'might', 'most', 'such']"
derived from tannin,tannic,0,"['deriving', 'derive', 'derives', 'extracted', 'used', 'using', 'meaning', 'obtained', 'hence', 'extracts']"
"showing characteristics of age , especially having grey or white hair",gray,0,"['same', 'those', 'only', 'because', 'and', 'though', 'all', 'these', 'both', 'although']"
"move from one place to another , especially of wild animals",translocate,0,"['this', 'only', 'same', 'because', 'come', 'way', 'they', 'the', 'some', 'that']"
( of pain or sorrow ) made easier to bear,alleviated,0,"['make', 'only', 'same', 'because', 'come', 'not', 'all', 'much', 'those', 'this']"
based on or arising from the possession of money or wealth,monied,0,"['same', 'which', 'those', 'because', 'all', 'only', 'this', 'without', 'instead', 'own']"
"be larger in number , quantity , power , status or importance",predominate,0,"['same', 'only', 'because', 'although', 'not', 'though', 'however', 'both', 'which', 'they']"
noteworthy scarcity,rarity,3,"['paucity', 'dearth', 'rarity', 'scarce', 'notable', 'shortage', 'evidenced', 'abundance', 'examples', 'plentiful']"
erect European annual often grown as a salad crop to be harvested when young and tender,roquette,0,"['they', 'because', 'this', 'more', 'only', 'once', 'not', 'though', 'make', 'same']"
"any of numerous perennial Old World herbs having showy brightly colored flower heads of the genera Chrysanthemum , Argyranthemum , Dendranthema , Tanacetum ; widely cultivated",chrysanthemum,0,"['only', 'and', 'though', 'many', 'although', 'both', 'such', 'which', 'some', 'all']"
of or relating to the mind,mental,0,"['all', 'same', 'those', 'this', 'not', 'what', 'which', 'because', 'these', 'only']"
an electronic device that generates a digital representation of an image for data input to a computer,scanner,0,"['same', 'which', 'this', 'example', 'only', 'the', 'using', 'more', 'one', 'because']"
an intruder who passes into or through ( often by overcoming resistance ),penetrator,0,"['only', 'way', 'when', 'which', 'out', 'as', 'same', 'this', 'either', 'and']"
not cleaned with or as if with soap and water,unwashed,0,"['all', 'they', 'only', 'because', 'them', 'both', 'that', 'those', 'should', 'could']"
concerned with concrete problems or data rather than with fundamental principles,applied,0,"['those', 'not', 'these', 'same', 'more', 'because', 'that', 'need', 'all', 'such']"
a small shallow - draft boat carrying mounted guns ; used by costal patrols,gunboat,0,"['large', 'only', 'which', 'using', 'same', 'they', 'one', 'two', 'carried', 'instead']"
obscured by fog,fogged,0,"['shrouded', 'visibility', 'mist', 'partly', 'rain', 'partially', 'obscuring', 'darkness', 'thick', 'enveloped']"
a percussion instrument consisting of a pair of hollow pieces of wood or bone ( usually held between the thumb and fingers ) that are made to click together ( as by Spanish dancers ) in rhythm with the dance,castanets,0,"['same', 'which', 'only', 'this', 'one', 'both', 'all', 'they', 'part', 'some']"
100 mongo equal 1 tugrik in Mongolia,mongo,0,"['2', 'roughly', 'least', 'million', 'nearly', 'each', 'total', 'than', 'approximately', 'one', 'about', 'respectively', 'same', 'only', 'every', 'dollars', 'estimated', 'almost', 'year', 'billion', 'equivalent', 'around', 'years', 'five', 'number', 'people', 'amount', 'half', 'more', 'all', 'over', 'first', 'some', 'less', 'value', 'thousand', 'second', 'which', 'equals', 'place', 'basis', 'difference', 'since', 'while', 'last', 'reaching', 'giving', 'highest', 'percent', 'annually', 'within', 'third', 'between', 'ago', 'average', 'hundred', 'twenty', 'plus', 'eight', 'where', 'remaining', 'there', 'month', 'two', 'addition', 'days', 'example', 'now', 'on', 'the', 'when', 'making', 'minimum', 'above', 'alone', 'compared', 'achieved', 'hour', 'much', 'population', 'took', 'instance', 'seven', 'additional', 'earning', 'having', 'thirty', 'extra', 'kilometers', 'individual']"
the time of life between 20 and 30,twenties,0,"['years', 'same', 'only', 'which', 'one', 'days', 'all', 'in', 'when', 'than']"
tending to deprive of oxygen,asphyxiating,0,"['them', 'help', 'would', 'allow', 'able', 'give', 'trying', 'could', 'needed', 'need']"
chew ( food ) ; to bite and grind with the teeth,masticate,0,"['which', 'out', 'they', 'all', 'make', 'get', 'only', 'same', 'come', 'way']"
a lover who necks,necker,0,"['woman', 'whom', 'one', 'turned', 'husband', 'having', 'long', 'wife', 'her', 'whose']"
marked by or causing boisterous merriment or convulsive laughter,hilarious,0,"['sometimes', 'often', 'caused', 'result', 'cause', 'resulting', 'usually', 'without', 'some', 'this']"
time passed in a particular bodily form,incarnation,0,"['same', 'this', 'only', 'which', 'one', 'when', 'that', 'because', 'the', 'example']"
without pity ; in a merciless manner,unmercifully,0,"['way', 'this', 'not', 'same', 'only', 'nothing', 'because', 'more', 'what', 'they']"
not capable of absorbing or soaking up ( liquids ),nonabsorbent,0,"['all', 'only', 'more', 'than', 'either', 'some', 'while', 'without', 'much', 'making']"
ruined or disrupted,shattered,0,"['damaged', 'destroyed', 'affected', 'because', 'severely', 'disrupting', 'either', 'disrupt', 'been', 'interrupted']"
act of bringing about a desired result,inducing,0,"['this', 'same', 'that', 'more', 'the', 'only', 'because', 'some', 'than', 'what']"
the cavity in which the large intestine begins and into which the ileum opens,cecum,0,"['part', 'this', 'that', 'same', 'where', 'when', 'through', 'only', 'because', 'one']"
an enzyme that catalyses the biochemical reduction of some specified substance,reductase,0,"['this', 'which', 'same', 'certain', 'example', 'particular', 'specific', 'result', 'because', 'addition']"
full of trivial conversation,garrulous,0,"['same', 'matter', 'what', 'all', 'sort', 'this', 'discussion', 'fact', 'only', 'nothing']"
remove and replace,oust,0,"['removed', 'to', 'would', 'replaced', 'should', 'put', 'them', 'allow', 'replacing', 'needed']"
( often followed by ` for ' ) ardently or excessively desirous,devouring,0,"['too', 'not', 'because', 'as', 'being', 'sometimes', 'this', 'more', 'they', 'those']"
relating to verbs in the imperative mood,imperative,0,"['this', 'same', 'certain', 'which', 'take', 'all', 'present', 'way', 'particular', 'should']"
not anticipated,unforeseen,0,"['would', 'could', 'expect', 'yet', 'though', 'because', 'might', 'expected', 'although', 'however']"
the fatty substance of milk from which butter is made,butterfat,0,"['this', 'that', 'same', 'because', 'only', 'part', 'all', 'making', 'make', 'what']"
a condition or position in which you find yourself,position,0,"['this', 'because', 'same', 'not', 'what', 'way', 'only', 'one', 'they', 'that']"
tall New Zealand timber tree,rimu,0,"['trees', 'forests', 'stands', 'feet', 'hardwood', 'bark', 'thick', 'height', 'bamboo', 'towering']"
lovable especially in a childlike or naive way,adorable,0,"['very', 'this', 'sort', 'something', 'too', 'because', 'more', 'like', 'as', 'what']"
( biology ) a group of organisms within a species that differ in trivial ways from similar groups,variant,0,"['same', 'which', 'example', 'this', 'only', 'these', 'some', 'one', 'such', 'the']"
the theory and practice of navigation through air or space,astronautics,0,"['which', 'same', 'all', 'this', 'way', 'only', 'that', 'both', 'part', 'such']"
any unsaturated aliphatic hydrocarbon,alkene,0,"['hydrocarbons', 'aromatic', 'acids', 'alcohols', 'compounds', 'fatty', 'aldehydes', 'amino', 'ketones', 'molecules']"
a small wooden keg,firkin,0,"['large', 'larger', 'filled', 'smaller', 'one', 'sized', 'built', 'big', 'room', 'shaped']"
the property of being strong and healthy in constitution,validity,0,"['which', 'same', 'because', 'this', 'only', 'both', 'all', 'that', 'part', 'they']"
with respect to denomination,denominationally,0,"['same', 'not', 'all', 'should', 'them', 'give', 'both', 'would', 'make', 'this']"
an offer of two for the price of one,twofer,0,"['only', 'same', 'this', 'which', 'that', 'all', 'last', 'than', 'more', 'some']"
some held in custody,detainee,0,"['taken', 'where', 'they', 'last', 'several', 'have', 'those', 'hold', 'many', 'been']"
100 puls equal 1 afghani in Afghanistan,pul,0,"['2', 'than', 'same', 'least', 'roughly', 'nearly', 'each', 'one', 'only', 'total', 'year', 'number', 'every', 'million', 'respectively', 'estimated', 'more', 'average', 'equivalent', 'value', 'less', 'five', 'amount', 'approximately', 'people', 'which', 'almost', 'according', 'highest', 'basis', 'month', 'while', 'percent', 'since', 'years', 'dollars', 'place', 'about', 'higher', 'the', 'example', 'extra', 'compared', 'addition', 'paid', 'last', 'all', 'taken', 'plus', 'where', 'taking', 'they', 'instance', 'first', 'giving', 'on', 'some', 'those', 'second', 'pay', 'much', 'two', 'over', 'half', 'above', 'billion', 'third', 'increased', 'additional', 'them', 'when', 'around', 'lowest', 'months', 'put', 'and', 'actually', 'times', 'today', 'instead', 'having', 'within', 'days', 'starting', 'reaching', 'alone', 'minimum', 'women', 'percentage', 'rate', 'twice', 'took', 'fewer', 'both', 'now', 'this', 'take', 'level', 'beginning']"
humbly entreating,supplicant,0,"['beseech', 'graciously', 'implore', 'respectfully', 'entreat', 'begrudgingly', 'meekly', 'beseeching', 'imploring', 'gratefully']"
pertaining to or constituting evidence,evidentiary,0,"['relating', 'these', 'those', 'related', 'specific', 'present', 'not', 'such', 'therefore', 'certain']"
directions for the conduct of Christian church services ( often printed in red in a prayer book ),rubric,0,"['which', 'same', 'this', 'only', 'one', 'example', 'as', 'and', 'part', 'first']"
treated with iodine,iodised,0,"['treating', 'treatment', 'them', 'patients', 'only', 'being', 'those', 'all', 'not', 'diagnosed']"
the right to enter,entree,0,"['would', 'could', 'not', 'able', 'take', 'they', 'come', 'give', 'should', 'want']"
the trait of being untidy and messy,messiness,0,"['this', 'because', 'way', 'same', 'most', 'very', 'which', 'all', 'what', 'part']"
a game played with playing cards,cards,0,"['play', 'players', 'games', 'only', 'same', 'first', 'one', 'plays', 'having', 'while']"
the top of the head,pate,0,"['one', 'which', 'same', 'last', 'first', 'part', 'this', 'only', 'second', 'in']"
the amount by which something increases,augmentation,0,"['this', 'that', 'because', 'same', 'much', 'only', 'actually', 'though', 'what', 'fact']"
an electron tube used to generate or amplify electromagnetic radiation in the microwave region by velocity modulation,klystron,0,"['using', 'which', 'same', 'this', 'could', 'example', 'that', 'because', 'these', 'only']"
not following logically as a consequence,inconsequential,0,"['this', 'however', 'because', 'result', 'that', 'only', 'fact', 'though', 'although', 'would']"
a golfer whose shots typically curve left ( for right - handed golfers ),hooker,0,"['only', 'one', 'same', 'out', 'when', 'because', 'which', 'first', 'than', 'back']"
the act of deactivating or making ineffective ( as a bomb ),defusing,0,"['only', 'which', 'this', 'same', 'because', 'one', 'not', 'make', 'part', 'is']"
censure severely,chastise,0,"['censured', 'seriously', 'threatened', 'reprimand', 'badly', 'punishment', 'harshly', 'punished', 'severe', 'undermined']"
incapable of being perceived by the senses especially the sense of touch,intangible,0,"['because', 'fact', 'this', 'same', 'what', 'that', 'not', 'way', 'much', 'all']"
internal organs collectively ( especially those in the abdominal cavity ),viscera,0,"['which', 'these', 'same', 'all', 'both', 'because', 'part', 'only', 'most', 'example']"
any of a group of hard crystalline minerals that consist of aluminum silicates of potassium or sodium or calcium or barium,feldspar,0,"['such', 'which', 'either', 'only', 'example', 'some', 'these', 'all', 'those', 'same']"
surgical removal of part of a structure or organ,resection,0,"['the', 'which', 'same', 'this', 'addition', 'only', 'one', 'example', 'is', 'that']"
tolerant and forgiving under provocation,kind,0,"['very', 'more', 'less', 'too', 'should', 'attitude', 'tolerate', 'way', 'tolerance', 'manner']"
small fishes having a silver stripe along each side ; abundant along the Atlantic coast of the United States,silverside,0,"['which', 'one', 'same', 'only', 'this', 'both', 'and', 'where', 'part', 'all']"
one who tries,trier,0,"['only', 'when', 'whom', 'them', 'trying', 'once', 'what', 'first', 'two', 'five']"
having a natural fragrance,perfumed,0,"['same', 'this', 'only', 'one', 'because', 'that', 'has', 'which', 'own', 'have']"
( Judaism ) a period of seven days of mourning after the death of close relative,shiva,0,"['last', 'same', 'one', 'only', 'this', 'years', 'which', 'year', 'in', 'months']"
tasteless showiness,flashiness,0,"['insipid', 'puerile', 'cloying', 'gimmicky', 'sophomoric', 'formulaic', 'clingy', 'vacuous', 'affectations', 'whiny']"
a toxin that is secreted by microorganisms into the surrounding medium,exotoxin,0,"['which', 'this', 'because', 'only', 'same', 'not', 'part', 'way', 'being', 'large']"
a person who becomes aware ( of things or events ) through the senses,beholder,0,"['only', 'this', 'same', 'what', 'because', 'one', 'way', 'that', 'not', 'is']"
the material of which belts are made,belting,0,"['all', 'that', 'only', 'this', 'these', 'those', 'because', 'same', 'some', 'they']"
a living organism characterized by voluntary movement,animal,0,"['this', 'which', 'that', 'same', 'example', 'is', 'been', 'similar', 'only', 'described']"
of or related to or being homonyms,homonymous,0,"['either', 'those', 'not', 'because', 'these', 'all', 'such', 'some', 'only', 'same']"
thorny Eurasian shrub of small tree having dense clusters of white to scarlet flowers followed by deep red berries ; established as an escape in eastern North America,may,0,"['which', 'the', 'this', 'only', 'same', 'they', 'and', 'large', 'where', 'that']"
having or covered with protective barbs or quills or spines or thorns or setae etc .,bristled,0,"['either', 'those', 'sometimes', 'usually', 'these', 'without', 'often', 'not', 'they', 'all']"
the practical application of science to commerce or industry,technology,0,"['this', 'same', 'that', 'which', 'example', 'such', 'not', 'only', 'should', 'because']"
money contributed to a religious organization,offering,0,"['this', 'that', 'which', 'because', 'help', 'would', 'not', 'same', 'make', 'more']"
the post or function properly or customarily occupied or served by another,stead,0,"['either', 'not', 'only', 'which', 'same', 'as', 'being', 'this', 'those', 'because']"
a simple sugar found in lactose,galactose,0,"['example', 'same', 'this', 'only', 'one', 'which', 'way', 'because', 'that', 'instance']"
derived from two separately fertilized eggs,dizygotic,0,"['same', 'each', 'separate', 'usually', 'those', 'these', 'either', 'they', 'only', 'different']"
strike violently and repeatedly,batter,0,"['strikes', 'when', 'again', 'threatened', 'both', 'they', 'then', 'attacked', 'tried', 'frequently']"
transport by barge on a body of water,barge,0,"['which', 'the', 'that', 'this', 'same', 'one', 'only', 'way', 'taken', 'and']"
"military actions designed to influence the perceptions and attitudes of individuals , groups , and foreign governments",psyop,0,"['both', 'those', 'these', 'such', 'they', 'which', 'all', 'that', 'same', 'many']"
a late afternoon or evening worship service,vesper,0,"['night', 'week', 'days', 'after', 'this', 'same', 'before', 'earlier', 'last', 'later']"
feeling morbid sexual desire or a propensity to lewdness,lasciviousness,0,"['sense', 'sort', 'something', 'not', 'might', 'reason', 'anything', 'feel', 'because', 'make']"
0.0,0.8,0.8,1000.0,88.83932415321495
